{
  "version": "v1",
  "created_at": "20260131_171705",
  "baseline_metrics": {
    "accuracy": 0.8203883495145631,
    "precision": 0.3252032520325203,
    "recall": 0.5882352941176471,
    "f1_score": 0.418848167539267,
    "roc_auc": 0.7841978609625669,
    "confusion_matrix": [
      [
        467,
        83
      ],
      [
        28,
        40
      ]
    ],
    "dataset_name": "Reference Baseline",
    "n_samples": 618,
    "positive_rate": 0.11003236245954692
  },
  "baseline_statistics": {
    "feature_statistics": {
      "age": {
        "mean": 0.003104239456084185,
        "std": 0.9918382286030675,
        "min": -2.0474588363199127,
        "max": 4.64370359689405,
        "median": -0.2049648329711405,
        "q25": -0.7868050445549634,
        "q75": 0.6677954844045938
      },
      "job": {
        "mean": 3.7750809061488675,
        "std": 3.571845662386201,
        "min": 0.0,
        "max": 11.0,
        "median": 2.5,
        "q25": 1.0,
        "q75": 7.0
      },
      "marital": {
        "mean": 1.1666666666666667,
        "std": 0.610328887257752,
        "min": 0.0,
        "max": 3.0,
        "median": 1.0,
        "q25": 1.0,
        "q75": 2.0
      },
      "education": {
        "mean": 3.707119741100324,
        "std": 2.1939908624699314,
        "min": 0.0,
        "max": 7.0,
        "median": 3.0,
        "q25": 2.0,
        "q75": 6.0
      },
      "default": {
        "mean": 0.17637540453074432,
        "std": 0.3814479810493098,
        "min": 0.0,
        "max": 1.0,
        "median": 0.0,
        "q25": 0.0,
        "q75": 0.0
      },
      "housing": {
        "mean": 1.0533980582524272,
        "std": 0.9838549721807154,
        "min": 0.0,
        "max": 2.0,
        "median": 2.0,
        "q25": 0.0,
        "q75": 2.0
      },
      "loan": {
        "mean": 0.33495145631067963,
        "std": 0.7265123370746711,
        "min": 0.0,
        "max": 2.0,
        "median": 0.0,
        "q25": 0.0,
        "q75": 0.0
      },
      "contact": {
        "mean": 0.35275080906148865,
        "std": 0.4782130494071982,
        "min": 0.0,
        "max": 1.0,
        "median": 0.0,
        "q25": 0.0,
        "q75": 1.0
      },
      "month": {
        "mean": 4.101941747572815,
        "std": 2.248924709705437,
        "min": 0.0,
        "max": 9.0,
        "median": 4.0,
        "q25": 3.0,
        "q75": 6.0
      },
      "day_of_week": {
        "mean": 2.0938511326860842,
        "std": 1.408791931811827,
        "min": 0.0,
        "max": 4.0,
        "median": 2.0,
        "q25": 1.0,
        "q75": 3.0
      },
      "campaign": {
        "mean": 0.07370799552042667,
        "std": 1.0659578499380398,
        "min": -0.5986595165155467,
        "max": 7.579396314040088,
        "median": -0.20922828648908795,
        "q25": -0.5986595165155467,
        "q75": 0.18020294353737087
      },
      "pdays": {
        "mean": 0.050399620266533364,
        "std": 0.870387463340272,
        "min": -4.999607889485665,
        "max": 0.20103133533451345,
        "median": 0.20103133533451345,
        "q25": 0.20103133533451345,
        "q75": 0.20103133533451345
      },
      "previous": {
        "mean": -0.08551335984474599,
        "std": 0.8985219917094126,
        "min": -0.3513559841342726,
        "max": 10.724424362669824,
        "median": -0.3513559841342726,
        "q25": -0.3513559841342726,
        "q75": -0.3513559841342726
      },
      "poutcome": {
        "mean": 0.9385113268608414,
        "std": 0.32622647377115244,
        "min": 0.0,
        "max": 2.0,
        "median": 1.0,
        "q25": 1.0,
        "q75": 1.0
      },
      "emp.var.rate": {
        "mean": 0.03446287006328922,
        "std": 0.9871589509475673,
        "min": -2.2297760606379677,
        "max": 0.8413891721156713,
        "median": 0.649441345068569,
        "q25": -1.2060543163867548,
        "q75": 0.8413891721156713
      },
      "cons.price.idx": {
        "mean": 0.030360121695823496,
        "std": 0.9776091163640754,
        "min": -2.3800371639137192,
        "max": 2.049611293108542,
        "median": 0.5839949485988578,
        "q25": -0.8712636832288032,
        "q75": 0.7151926425714463
      },
      "cons.conf.idx": {
        "mean": -0.0769098698945614,
        "std": 0.9637402133058054,
        "min": -2.2422407503598527,
        "max": 2.960174854209159,
        "median": -0.28317211265604075,
        "q25": -0.4790789764264232,
        "q75": 0.8922690699662461
      },
      "euribor3m": {
        "mean": 0.022078556176667086,
        "std": 0.9931387708938747,
        "min": -1.7188119989125856,
        "max": 0.7780427435629581,
        "median": 0.712852220018657,
        "q25": -1.3138230827347133,
        "q75": 0.7728505779709345
      },
      "nr.employed": {
        "mean": 0.03968505339298599,
        "std": 0.9659523437399993,
        "min": -2.7543382778102616,
        "max": 0.8365350928366287,
        "median": 0.3328624952903114,
        "q25": -0.9147793298985275,
        "q75": 0.8365350928366287
      }
    },
    "prediction_statistics": {
      "mean": 0.3876887246259606,
      "std": 0.19255675247793066,
      "min": 0.056580293249038606,
      "max": 0.9826360102162628,
      "median": 0.33162772426462084,
      "q25": 0.26044721719752684,
      "q75": 0.4533800952558015
    }
  },
  "validation_metrics": {
    "accuracy": 0.8252427184466019,
    "precision": 0.3387096774193548,
    "recall": 0.6176470588235294,
    "f1_score": 0.4375,
    "roc_auc": 0.8007620320855615,
    "confusion_matrix": [
      [
        468,
        82
      ],
      [
        26,
        42
      ]
    ],
    "dataset_name": "Validation Set",
    "n_samples": 618,
    "positive_rate": 0.11003236245954692
  },
  "model_path": "models/model_v1.pkl",
  "preprocessing_path": "models/preprocessing.pkl"
}